Workbook

Sheet 项目总览
A1: EC 工单系统｜项目推进总表（客户版） | B1: EC 工单系统｜项目推进总表（客户版） | C1: EC 工单系统｜项目推进总表（客户版） | D1: EC 工单系统｜项目推进总表（客户版） | E1: EC 工单系统｜项目推进总表（客户版） | F1: EC 工单系统｜项目推进总表（客户版） | G1: EC 工单系统｜项目推进总表（客户版） | H1: EC 工单系统｜项目推进总表（客户版）
A2: 更新日期：2026-08-31｜本表用于双方项目例会、阶段评审与里程碑跟踪；后续日期为建议排期，双方确认后形成正式基线 | B2: 更新日期：2026-08-31｜本表用于双方项目例会、阶段评审与里程碑跟踪；后续日期为建议排期，双方确认后形成正式基线 | C2: 更新日期：2026-08-31｜本表用于双方项目例会、阶段评审与里程碑跟踪；后续日期为建议排期，双方确认后形成正式基线 | D2: 更新日期：2026-08-31｜本表用于双方项目例会、阶段评审与里程碑跟踪；后续日期为建议排期，双方确认后形成正式基线 | E2: 更新日期：2026-08-31｜本表用于双方项目例会、阶段评审与里程碑跟踪；后续日期为建议排期，双方确认后形成正式基线 | F2: 更新日期：2026-08-31｜本表用于双方项目例会、阶段评审与里程碑跟踪；后续日期为建议排期，双方确认后形成正式基线 | G2: 更新日期：2026-08-31｜本表用于双方项目例会、阶段评审与里程碑跟踪；后续日期为建议排期，双方确认后形成正式基线 | H2: 更新日期：2026-08-31｜本表用于双方项目例会、阶段评审与里程碑跟踪；后续日期为建议排期，双方确认后形成正式基线
A4: 项目整体进度 | B4: 项目整体进度 | C4: 项目整体进度 | D4: 项目整体进度 | E4: 项目整体进度 | F4: 项目整体进度 | G4: 项目整体进度 | H4: 项目整体进度
A5: 整体进度 | B5: 整体进度 | C5: 当前阶段 | D5: 当前阶段 | E5: 工作包进展 | F5: 模块达标情况 | G5: 项目状态 | H5: 上线判断
A6: =SUMPRODUCT(功能模块!$F$5:$F$12,功能模块!$G$5:$G$12) -> 0.516 | C6: 原型评审 与一期范围确认 | E6: =COUNTIF(功能模块!$G$5:$G$12,">=0.6")&" / "&COUNTA(功能模块!$A$5:$A$12)&" 个工作包进入成型阶段" -> 4 / 8 个工作包进入成型阶段 | G6: =IF(A6>=0.9,"上线交付阶段",IF(A6>=0.65,"实施与验证推进中",IF(A6>=0.4,"总体按计划推进，关键事项待双方确认","项目准备阶段"))) -> 总体按计划推进，关键事项待双方确认
A9: 工作包进展｜完成度来自“功能模块”页，更新后自动同步 | B9: 工作包进展｜完成度来自“功能模块”页，更新后自动同步 | C9: 工作包进展｜完成度来自“功能模块”页，更新后自动同步 | D9: 工作包进展｜完成度来自“功能模块”页，更新后自动同步 | E9: 工作包进展｜完成度来自“功能模块”页，更新后自动同步 | F9: 工作包进展｜完成度来自“功能模块”页，更新后自动同步 | G9: 工作包进展｜完成度来自“功能模块”页，更新后自动同步 | H9: 工作包进展｜完成度来自“功能模块”页，更新后自动同步
A10: 工作包 | B10: 权重 | C10: 完成度 | D10: 状态 | E10: 优先级 | F10: 已完成成果 | G10: 下一步计划 | H10: 阶段完成标准
A11: =功能模块!B5 -> 需求与一期范围确认 | B11: =功能模块!F5 -> 0.15 | C11: =功能模块!G5 -> 0.78 | D11: =功能模块!E5 -> 推进中 | E11: =功能模块!H5 -> P0 | F11: =功能模块!C5 -> 已完成需求材料梳理、一期 PRD 初稿及关键业务问题清单 | G11: =功能模块!D5 -> 完成一期范围、状态、角色及验收口径的双方确认 | H11: =功能模块!I5 -> 形成双方确认的一期范围基线与评审纪要
A12: =功能模块!B6 -> 交互原型与公网评审 | B12: =功能模块!F6 -> 0.2 | C12: =功能模块!G6 -> 0.9 | D12: =功能模块!E6 -> 基本完成 | E12: =功能模块!H6 -> P0 | F12: =功能模块!C6 -> 多角色 PC／移动端交互原型已完成，并已发布公网评审版本 | G12: =功能模块!D6 -> 按一期范围逐页复核，关闭评审意见并固化版本 | H12: =功能模块!I6 -> 核心角色主流程评审通过，版本与一期范围一致
A13: =功能模块!B7 -> 工单受理、派单与闭环 | B13: =功能模块!F7 -> 0.15 | C13: =功能模块!G7 -> 0.68 | D13: =功能模块!E7 -> 推进中 | E13: =功能模块!H7 -> P0 | F13: =功能模块!C7 -> 已具备建单、列表、详情、派单、状态流转、服务报告与完工记录演示 | G13: =功能模块!D7 -> 确认编号、状态、派单与完工规则，进入真实环境实现 | H13: =功能模块!I7 -> 普通与政府场景可按确认规则完成全流程验收
A14: =功能模块!B8 -> 移动执行与现场记录 | B14: =功能模块!F8 -> 0.1 | C14: =功能模块!G8 -> 0.62 | D14: =功能模块!E8 -> 推进中 | E14: =功能模块!H8 -> P0 | F14: =功能模块!C8 -> 已完成师傅移动工作台、接单、到场、处理、照片／说明及签名演示 | G14: =功能模块!D8 -> 确认照片策略并在真实手机、网络与账号环境完成验证 | H14: =功能模块!I8 -> 可拍照与不可拍照场景均通过移动端验收
A15: =功能模块!B9 -> 角色权限与数据范围 | B15: =功能模块!F9 -> 0.1 | C15: =功能模块!G9 -> 0.45 | D15: =功能模块!E9 -> 准备中 | E15: =功能模块!H9 -> P0 | F15: =功能模块!C9 -> 已完成 CS、Leader、师傅等角色入口和派单中心交互演示 | G15: =功能模块!D9 -> 基于试点组织及真实账号验证角色权限和数据范围 | H15: =功能模块!I9 -> 权限矩阵、数据范围及关键操作验证通过
A16: =功能模块!B10 -> 钉钉／宜搭 POC | B16: =功能模块!F10 -> 0.1 | C16: =功能模块!G10 -> 0.1 | D16: =功能模块!E10 -> 准备中 | E16: =功能模块!H10 -> P0 | F16: =功能模块!C10 -> 已形成 POC 验证范围、场景与前置资源清单 | G16: =功能模块!D10 -> 准备环境和测试账号，验证免登、消息、移动端、图片与容量 | H16: =功能模块!I10 -> 完成 POC 场景验证并形成双方认可的结论
A17: =功能模块!B11 -> 生产实现与数据准备 | B17: =功能模块!F11 -> 0.15 | C17: =功能模块!G11 -> 0 | D17: =功能模块!E11 -> 计划中 | E17: =功能模块!H11 -> P0 | F17: =功能模块!C11 -> 已梳理生产实现范围、试点主数据模板和部署交付要点 | G17: =功能模块!D11 -> 在范围及 POC 结论确认后启动开发、集成和数据导入 | H17: =功能模块!I11 -> 一期主流程在真实环境运行并通过集成测试
A18: =功能模块!B12 -> UAT、试点与上线 | B18: =功能模块!F12 -> 0.05 | C18: =功能模块!G12 -> 0 | D18: =功能模块!E12 -> 计划中 | E18: =功能模块!H12 -> P0 | F18: =功能模块!C12 -> 已形成核心验收场景、试点规模和上线交接框架 | G18: =功能模块!D12 -> 完成 UAT、7–10 个工作日试点、问题闭环与上线交接 | H18: =功能模块!I12 -> UAT 与试点通过，完成上线及项目交接
A28: 当前主线：完成一期范围与业务规则确认 → 固化原型评审基线 → 准备试点组织与数据 → 完成钉钉／宜搭 POC → 进入生产实施与 UAT。 | B28: 当前主线：完成一期范围与业务规则确认 → 固化原型评审基线 → 准备试点组织与数据 → 完成钉钉／宜搭 POC → 进入生产实施与 UAT。 | C28: 当前主线：完成一期范围与业务规则确认 → 固化原型评审基线 → 准备试点组织与数据 → 完成钉钉／宜搭 POC → 进入生产实施与 UAT。 | D28: 当前主线：完成一期范围与业务规则确认 → 固化原型评审基线 → 准备试点组织与数据 → 完成钉钉／宜搭 POC → 进入生产实施与 UAT。 | E28: 当前主线：完成一期范围与业务规则确认 → 固化原型评审基线 → 准备试点组织与数据 → 完成钉钉／宜搭 POC → 进入生产实施与 UAT。 | F28: 当前主线：完成一期范围与业务规则确认 → 固化原型评审基线 → 准备试点组织与数据 → 完成钉钉／宜搭 POC → 进入生产实施与 UAT。 | G28: 当前主线：完成一期范围与业务规则确认 → 固化原型评审基线 → 准备试点组织与数据 → 完成钉钉／宜搭 POC → 进入生产实施与 UAT。 | H28: 当前主线：完成一期范围与业务规则确认 → 固化原型评审基线 → 准备试点组织与数据 → 完成钉钉／宜搭 POC → 进入生产实施与 UAT。
A29: 协同建议：双方本周确认项目责任人、范围工作坊时间、试点人员与 POC 环境；建议排期将在上述事项确认后更新为正式计划。 | B29: 协同建议：双方本周确认项目责任人、范围工作坊时间、试点人员与 POC 环境；建议排期将在上述事项确认后更新为正式计划。 | C29: 协同建议：双方本周确认项目责任人、范围工作坊时间、试点人员与 POC 环境；建议排期将在上述事项确认后更新为正式计划。 | D29: 协同建议：双方本周确认项目责任人、范围工作坊时间、试点人员与 POC 环境；建议排期将在上述事项确认后更新为正式计划。 | E29: 协同建议：双方本周确认项目责任人、范围工作坊时间、试点人员与 POC 环境；建议排期将在上述事项确认后更新为正式计划。 | F29: 协同建议：双方本周确认项目责任人、范围工作坊时间、试点人员与 POC 环境；建议排期将在上述事项确认后更新为正式计划。 | G29: 协同建议：双方本周确认项目责任人、范围工作坊时间、试点人员与 POC 环境；建议排期将在上述事项确认后更新为正式计划。 | H29: 协同建议：双方本周确认项目责任人、范围工作坊时间、试点人员与 POC 环境；建议排期将在上述事项确认后更新为正式计划。

Sheet 需求与范围
A1: 客户确认版范围与交付阶段 | B1: 客户确认版范围与交付阶段 | C1: 客户确认版范围与交付阶段 | D1: 客户确认版范围与交付阶段 | E1: 客户确认版范围与交付阶段 | F1: 客户确认版范围与交付阶段 | G1: 客户确认版范围与交付阶段 | H1: 客户确认版范围与交付阶段 | I1: 客户确认版范围与交付阶段 | J1: 客户确认版范围与交付阶段 | K1: 客户确认版范围与交付阶段
A2: 按工作包列示客户可见能力、当前阶段和完成标准；P0 为一期核心范围，后续扩展内容在范围评审中单独确认。 | B2: 按工作包列示客户可见能力、当前阶段和完成标准；P0 为一期核心范围，后续扩展内容在范围评审中单独确认。 | C2: 按工作包列示客户可见能力、当前阶段和完成标准；P0 为一期核心范围，后续扩展内容在范围评审中单独确认。 | D2: 按工作包列示客户可见能力、当前阶段和完成标准；P0 为一期核心范围，后续扩展内容在范围评审中单独确认。 | E2: 按工作包列示客户可见能力、当前阶段和完成标准；P0 为一期核心范围，后续扩展内容在范围评审中单独确认。 | F2: 按工作包列示客户可见能力、当前阶段和完成标准；P0 为一期核心范围，后续扩展内容在范围评审中单独确认。 | G2: 按工作包列示客户可见能力、当前阶段和完成标准；P0 为一期核心范围，后续扩展内容在范围评审中单独确认。 | H2: 按工作包列示客户可见能力、当前阶段和完成标准；P0 为一期核心范围，后续扩展内容在范围评审中单独确认。 | I2: 按工作包列示客户可见能力、当前阶段和完成标准；P0 为一期核心范围，后续扩展内容在范围评审中单独确认。 | J2: 按工作包列示客户可见能力、当前阶段和完成标准；P0 为一期核心范围，后续扩展内容在范围评审中单独确认。 | K2: 按工作包列示客户可见能力、当前阶段和完成标准；P0 为一期核心范围，后续扩展内容在范围评审中单独确认。
A4: 工作包编号 | B4: 工作包 | C4: 范围编号 | D4: 客户可见能力 | E4: 范围说明 | F4: 当前说明 | G4: 交付阶段 | H4: 优先级 | I4: 当前状态 | J4: 阶段完成标准 | K4: 对应里程碑
A5: WP01 | B5: 需求与一期范围确认 | C5: S01 | D5: 一期范围基线 | E5: 确认 P0 核心流程、P1 优化项与 P2 预留项 | F5: 当前已形成建议范围，待双方评审确认 | G5: 范围确认 | H5: P0 | I5: 待双方确认 | J5: 范围清单与评审纪要完成签认 | K5: M1
A6: WP01 | B6: 需求与一期范围确认 | C6: S02 | D6: 状态与业务规则 | E6: 确认状态模型、PM／CM、编号、完工确认及照片规则 | F6: 将通过业务工作坊集中确认 | G6: 范围确认 | H6: P0 | I6: 待双方确认 | J6: 状态矩阵及业务规则表完成签认 | K6: M1
A7: WP02 | B7: 交互原型与公网评审 | C7: S03 | D7: 多角色 PC 原型 | E7: 覆盖 CS、CR、Leader、师傅、管理等角色主要工作路径 | F7: 公网评审版本已可访问 | G7: 原型评审 | H7: P0 | I7: 已完成 | J7: 核心角色主流程走查通过 | K7: M1
A8: WP02 | B8: 交互原型与公网评审 | C8: S04 | D8: 移动端工作台 | E8: 覆盖接单、到场、处理、服务报告和完工记录 | F8: 移动交互原型已可演示 | G8: 原型评审 | H8: P0 | I8: 已完成 | J8: 移动端核心页面走查通过 | K8: M1
A9: WP03 | B9: 工单受理、派单与闭环 | C9: S05 | D9: 建单与编号 | E9: 记录客户、地址、问题、来源、附件及工单编号 | F9: 交互已完成，编号细则待确认 | G9: 一期实施 | H9: P0 | I9: 原型完成 | J9: 普通／政府样例建单与编号通过 | K9: M4
A10: WP03 | B10: 工单受理、派单与闭环 | C10: S06 | D10: 派单、拒单与改派 | E10: 按区域和团队完成派单，并记录拒单、退回与改派 | F10: 交互已完成，组织映射待准备 | G10: 一期实施 | H10: P0 | I10: 原型完成 | J10: 责任人和每次操作可追溯 | K10: M4
A11: WP03 | B11: 工单受理、派单与闭环 | C11: S07 | D11: 状态流转与时间线 | E11: 记录创建、派单、接单、到场、处理、完成等关键动作 | F11: 交互已完成，最终状态口径待确认 | G11: 一期实施 | H11: P0 | I11: 原型完成 | J11: 状态、责任人和时间记录一致 | K11: M4
A12: WP03 | B12: 工单受理、派单与闭环 | C12: S08 | D12: 查询与服务报告 | E12: 支持工单查询、详情、服务报告与完工记录关联 | F12: 核心页面已可演示 | G12: 一期实施 | H12: P0 | I12: 原型完成 | J12: 工单、报告和附件关联可查询 | K12: M4
A13: WP04 | B13: 移动执行与现场记录 | C13: S09 | D13: 师傅待办与处理 | E13: 师傅完成接单、到场、处理结果和后续说明 | F13: 移动交互已可演示 | G13: 一期实施 | H13: P0 | I13: 原型完成 | J13: 移动端关键操作写入工单记录 | K13: M4
... A22: WP08 | B22: UAT、试点与上线 | C22: S18 | D22: 试点与上线交接 | E22: 运行 7–10 个工作日试点并完成操作与运维交接 | F22: 试点规模建议为 20–30 张工单 | G22: 验收上线 | H22: P0 | I22: 计划中 | J22: 试点问题闭环并完成上线交接 | K22: M6–M7

Sheet 功能模块
A1: 客户版工作包进展 | B1: 客户版工作包进展 | C1: 客户版工作包进展 | D1: 客户版工作包进展 | E1: 客户版工作包进展 | F1: 客户版工作包进展 | G1: 客户版工作包进展 | H1: 客户版工作包进展 | I1: 客户版工作包进展 | J1: 客户版工作包进展
A2: 完成度综合反映需求确认、原型、POC、生产实现和验收准备；原型成果与生产交付分阶段展示，便于双方统一进度口径。 | B2: 完成度综合反映需求确认、原型、POC、生产实现和验收准备；原型成果与生产交付分阶段展示，便于双方统一进度口径。 | C2: 完成度综合反映需求确认、原型、POC、生产实现和验收准备；原型成果与生产交付分阶段展示，便于双方统一进度口径。 | D2: 完成度综合反映需求确认、原型、POC、生产实现和验收准备；原型成果与生产交付分阶段展示，便于双方统一进度口径。 | E2: 完成度综合反映需求确认、原型、POC、生产实现和验收准备；原型成果与生产交付分阶段展示，便于双方统一进度口径。 | F2: 完成度综合反映需求确认、原型、POC、生产实现和验收准备；原型成果与生产交付分阶段展示，便于双方统一进度口径。 | G2: 完成度综合反映需求确认、原型、POC、生产实现和验收准备；原型成果与生产交付分阶段展示，便于双方统一进度口径。 | H2: 完成度综合反映需求确认、原型、POC、生产实现和验收准备；原型成果与生产交付分阶段展示，便于双方统一进度口径。 | I2: 完成度综合反映需求确认、原型、POC、生产实现和验收准备；原型成果与生产交付分阶段展示，便于双方统一进度口径。 | J2: 完成度综合反映需求确认、原型、POC、生产实现和验收准备；原型成果与生产交付分阶段展示，便于双方统一进度口径。
A4: 工作包编号 | B4: 工作包 | C4: 已完成成果 | D4: 下一步重点 | E4: 状态 | F4: 权重 | G4: 完成度 | H4: 优先级 | I4: 阶段完成标准 | J4: 对应里程碑
A5: WP-01 | B5: 需求与一期范围确认 | C5: 已完成需求材料梳理、一期 PRD 初稿及关键业务问题清单 | D5: 完成一期范围、状态、角色及验收口径的双方确认 | E5: =IF(G5>=0.8,"基本完成",IF(G5>=0.5,"推进中",IF(G5>0,"准备中","计划中"))) -> 推进中 | F5: 0.15 | G5: 0.78 | H5: P0 | I5: 形成双方确认的一期范围基线与评审纪要 | J5: M1 范围确认
A6: WP-02 | B6: 交互原型与公网评审 | C6: 多角色 PC／移动端交互原型已完成，并已发布公网评审版本 | D6: 按一期范围逐页复核，关闭评审意见并固化版本 | E6: =IF(G6>=0.8,"基本完成",IF(G6>=0.5,"推进中",IF(G6>0,"准备中","计划中"))) -> 基本完成 | F6: 0.2 | G6: 0.9 | H6: P0 | I6: 核心角色主流程评审通过，版本与一期范围一致 | J6: M1 范围确认
A7: WP-03 | B7: 工单受理、派单与闭环 | C7: 已具备建单、列表、详情、派单、状态流转、服务报告与完工记录演示 | D7: 确认编号、状态、派单与完工规则，进入真实环境实现 | E7: =IF(G7>=0.8,"基本完成",IF(G7>=0.5,"推进中",IF(G7>0,"准备中","计划中"))) -> 推进中 | F7: 0.15 | G7: 0.68 | H7: P0 | I7: 普通与政府场景可按确认规则完成全流程验收 | J7: M4 生产实现
A8: WP-04 | B8: 移动执行与现场记录 | C8: 已完成师傅移动工作台、接单、到场、处理、照片／说明及签名演示 | D8: 确认照片策略并在真实手机、网络与账号环境完成验证 | E8: =IF(G8>=0.8,"基本完成",IF(G8>=0.5,"推进中",IF(G8>0,"准备中","计划中"))) -> 推进中 | F8: 0.1 | G8: 0.62 | H8: P0 | I8: 可拍照与不可拍照场景均通过移动端验收 | J8: M2 POC 验证
A9: WP-05 | B9: 角色权限与数据范围 | C9: 已完成 CS、Leader、师傅等角色入口和派单中心交互演示 | D9: 基于试点组织及真实账号验证角色权限和数据范围 | E9: =IF(G9>=0.8,"基本完成",IF(G9>=0.5,"推进中",IF(G9>0,"准备中","计划中"))) -> 准备中 | F9: 0.1 | G9: 0.45 | H9: P0 | I9: 权限矩阵、数据范围及关键操作验证通过 | J9: M2 POC 验证
A10: WP-06 | B10: 钉钉／宜搭 POC | C10: 已形成 POC 验证范围、场景与前置资源清单 | D10: 准备环境和测试账号，验证免登、消息、移动端、图片与容量 | E10: =IF(G10>=0.8,"基本完成",IF(G10>=0.5,"推进中",IF(G10>0,"准备中","计划中"))) -> 准备中 | F10: 0.1 | G10: 0.1 | H10: P0 | I10: 完成 POC 场景验证并形成双方认可的结论 | J10: M2 POC 验证
A11: WP-07 | B11: 生产实现与数据准备 | C11: 已梳理生产实现范围、试点主数据模板和部署交付要点 | D11: 在范围及 POC 结论确认后启动开发、集成和数据导入 | E11: =IF(G11>=0.8,"基本完成",IF(G11>=0.5,"推进中",IF(G11>0,"准备中","计划中"))) -> 计划中 | F11: 0.15 | G11: 0 | H11: P0 | I11: 一期主流程在真实环境运行并通过集成测试 | J11: M4 生产实现
A12: WP-08 | B12: UAT、试点与上线 | C12: 已形成核心验收场景、试点规模和上线交接框架 | D12: 完成 UAT、7–10 个工作日试点、问题闭环与上线交接 | E12: =IF(G12>=0.8,"基本完成",IF(G12>=0.5,"推进中",IF(G12>0,"准备中","计划中"))) -> 计划中 | F12: 0.05 | G12: 0 | H12: P0 | I12: UAT 与试点通过，完成上线及项目交接 | J12: M5–M7

Sheet 推进明细
A1: 双方项目里程碑计划 | B1: 双方项目里程碑计划 | C1: 双方项目里程碑计划 | D1: 双方项目里程碑计划 | E1: 双方项目里程碑计划 | F1: 双方项目里程碑计划 | G1: 双方项目里程碑计划 | H1: 双方项目里程碑计划 | I1: 双方项目里程碑计划 | J1: 双方项目里程碑计划 | K1: 双方项目里程碑计划 | L1: 双方项目里程碑计划 | M1: 双方项目里程碑计划 | N1: 双方项目里程碑计划
A2: 已完成事项基于当前项目成果；2026-09-01 之后为建议排期，需在责任人、范围、试点资源及 POC 环境确认后更新为正式基线。 | B2: 已完成事项基于当前项目成果；2026-09-01 之后为建议排期，需在责任人、范围、试点资源及 POC 环境确认后更新为正式基线。 | C2: 已完成事项基于当前项目成果；2026-09-01 之后为建议排期，需在责任人、范围、试点资源及 POC 环境确认后更新为正式基线。 | D2: 已完成事项基于当前项目成果；2026-09-01 之后为建议排期，需在责任人、范围、试点资源及 POC 环境确认后更新为正式基线。 | E2: 已完成事项基于当前项目成果；2026-09-01 之后为建议排期，需在责任人、范围、试点资源及 POC 环境确认后更新为正式基线。 | F2: 已完成事项基于当前项目成果；2026-09-01 之后为建议排期，需在责任人、范围、试点资源及 POC 环境确认后更新为正式基线。 | G2: 已完成事项基于当前项目成果；2026-09-01 之后为建议排期，需在责任人、范围、试点资源及 POC 环境确认后更新为正式基线。 | H2: 已完成事项基于当前项目成果；2026-09-01 之后为建议排期，需在责任人、范围、试点资源及 POC 环境确认后更新为正式基线。 | I2: 已完成事项基于当前项目成果；2026-09-01 之后为建议排期，需在责任人、范围、试点资源及 POC 环境确认后更新为正式基线。 | J2: 已完成事项基于当前项目成果；2026-09-01 之后为建议排期，需在责任人、范围、试点资源及 POC 环境确认后更新为正式基线。 | K2: 已完成事项基于当前项目成果；2026-09-01 之后为建议排期，需在责任人、范围、试点资源及 POC 环境确认后更新为正式基线。 | L2: 已完成事项基于当前项目成果；2026-09-01 之后为建议排期，需在责任人、范围、试点资源及 POC 环境确认后更新为正式基线。 | M2: 已完成事项基于当前项目成果；2026-09-01 之后为建议排期，需在责任人、范围、试点资源及 POC 环境确认后更新为正式基线。 | N2: 已完成事项基于当前项目成果；2026-09-01 之后为建议排期，需在责任人、范围、试点资源及 POC 环境确认后更新为正式基线。
A4: 编号 | B4: 阶段 | C4: 推进事项 | D4: 交付类型 | E4: 优先级 | F4: 双方责任 | G4: 状态 | H4: 计划开始 | I4: 计划完成 | J4: 完成度 | K4: 输出物／完成标准 | L4: 前置条件 | M4: 下一动作 | N4: 里程碑
A5: M-001 | B5: 前期准备 | C5: 完成项目材料与现状梳理 | D5: 需求 | E5: P0 | F5: 项目组 | G5: 已完成 | H5: 46204 | I5: 46223 | J5: =IF(G5="已完成",1,IF(G5="进行中",0.5,IF(G5="待双方确认",0.3,0))) -> 1 | K5: 需求材料、项目现状和问题清单 | M5: 作为后续评审输入 | N5: M0 准备
A6: M-002 | B6: 原型建设 | C6: 完成多角色 PC／移动端交互原型 | D6: 原型 | E6: P0 | F6: 交付团队 | G6: 已完成 | H6: 46224 | I6: 46234 | J6: =IF(G6="已完成",1,IF(G6="进行中",0.5,IF(G6="待双方确认",0.3,0))) -> 1 | K6: 核心业务流程可演示 | M6: 持续按评审意见优化 | N6: M0 原型
A7: M-003 | B7: 原型建设 | C7: 发布公网评审版本并保持版本同步 | D7: 发布 | E7: P0 | F7: 交付团队 | G7: 已完成 | H7: 46231 | I7: 46265 | J7: =IF(G7="已完成",1,IF(G7="进行中",0.5,IF(G7="待双方确认",0.3,0))) -> 1 | K7: 客户可随时访问最新评审版本 | M7: 保持单一评审基线 | N7: M0 原型
A8: M-004 | B8: 范围确认 | C8: 按一期范围复核最新版原型 | D8: 评审 | E8: P0 | F8: 双方项目组 | G8: 进行中 | H8: 46266 | I8: 46268 | J8: =IF(G8="已完成",1,IF(G8="进行中",0.5,IF(G8="待双方确认",0.3,0))) -> 0.5 | K8: 形成已确认、待确认和后续规划清单 | L8: 双方安排评审时间 | M8: 完成逐页走查 | N8: M1 范围
A9: M-005 | B9: 范围确认 | C9: 召开一期范围与业务规则确认会 | D9: 会议 | E9: P0 | F9: 双方业务负责人 | G9: 待双方确认 | H9: 46269 | I9: 46272 | J9: =IF(G9="已完成",1,IF(G9="进行中",0.5,IF(G9="待双方确认",0.3,0))) -> 0.3 | K9: 范围、状态、编号、完工及照片规则结论 | L9: 客户业务代表参会 | M9: 形成书面评审纪要 | N9: M1 范围
A10: M-006 | B10: 范围确认 | C10: 固化一期范围、角色、流程与验收基线 | D10: 基线 | E10: P0 | F10: 双方项目负责人 | G10: 计划中 | H10: 46273 | I10: 46273 | J10: =IF(G10="已完成",1,IF(G10="进行中",0.5,IF(G10="待双方确认",0.3,0))) -> 0 | K10: 一期范围基线正式确认 | L10: M-004／M-005 完成 | M10: 确认后进入 POC | N10: M1 范围
A11: M-007 | B11: POC 准备 | C11: 确定试点区域、角色人员与测试账号 | D11: 试点准备 | E11: P0 | F11: 客户项目组／交付团队 | G11: 待双方确认 | H11: 46273 | I11: 46275 | J11: =IF(G11="已完成",1,IF(G11="进行中",0.5,IF(G11="待双方确认",0.3,0))) -> 0.3 | K11: 试点名单、账号与责任人明确 | L11: 客户提供人员及账号 | M11: 完成试点清单确认 | N11: M2 POC
A12: M-008 | B12: POC 准备 | C12: 准备主数据、区域映射及 20–30 张样例工单 | D12: 数据 | E12: P0 | F12: 客户数据负责人／交付团队 | G12: 待双方确认 | H12: 46274 | I12: 46276 | J12: =IF(G12="已完成",1,IF(G12="进行中",0.5,IF(G12="待双方确认",0.3,0))) -> 0.3 | K12: 试点主数据与样例可用于验证 | L12: 客户提供数据清单 | M12: 完成数据质量检查 | N12: M2 POC
A13: M-009 | B13: POC 验证 | C13: 验证免登、权限、消息、移动端、图片与容量 | D13: POC | E13: P0 | F13: 双方 IT／交付团队 | G13: 计划中 | H13: 46276 | I13: 46283 | J13: =IF(G13="已完成",1,IF(G13="进行中",0.5,IF(G13="待双方确认",0.3,0))) -> 0 | K13: 形成 POC 场景结果和方案结论 | L13: 环境、账号与样例准备 | M13: 按场景脚本联合验证 | N13: M2 POC
A14: M-010 | B14: 实施准备 | C14: 根据范围与 POC 结论形成实施计划 | D14: 计划 | E14: P0 | F14: 交付团队／双方项目负责人 | G14: 计划中 | H14: 46283 | I14: 46290 | J14: =IF(G14="已完成",1,IF(G14="进行中",0.5,IF(G14="待双方确认",0.3,0))) -> 0 | K14: 实施任务、验收映射和资源排期 | L14: M1／M2 完成 | M14: 双方确认实施基线 | N14: M3 计划
A15: M-011 | B15: 生产实现 | C15: 完成一期核心流程开发与集成 | D15: 开发／集成 | E15: P0 | F15: 交付团队 | G15: 计划中 | H15: 46293 | I15: 46311 | J15: =IF(G15="已完成",1,IF(G15="进行中",0.5,IF(G15="待双方确认",0.3,0))) -> 0 | K15: 真实环境核心流程可运行 | L15: 实施计划正式确认 | M15: 执行开发与集成测试 | N15: M4 实施
A16: M-012 | B16: 生产实现 | C16: 完成试点主数据清洗与导入 | D16: 数据导入 | E16: P0 | F16: 双方数据负责人 | G16: 计划中 | H16: 46300 | I16: 46311 | J16: =IF(G16="已完成",1,IF(G16="进行中",0.5,IF(G16="待双方确认",0.3,0))) -> 0 | K16: 试点数据完成核对与导入 | L16: 客户数据完整可用 | M16: 双方确认导入结果 | N16: M4 实施
A17: M-013 | B17: UAT | C17: 执行一期核心场景业务验收 | D17: 测试／验收 | E17: P0 | F17: 双方业务与测试人员 | G17: 计划中 | H17: 46314 | I17: 46318 | J17: =IF(G17="已完成",1,IF(G17="进行中",0.5,IF(G17="待双方确认",0.3,0))) -> 0 | K17: 核心场景均有结果与证据 | L17: 生产版本与试点数据就绪 | M17: 关闭验收问题 | N17: M5 UAT
A18: M-014 | B18: 试点 | C18: 运行 7–10 个工作日试点并闭环问题 | D18: 试点 | E18: P0 | F18: 客户试点团队／交付团队 | G18: 计划中 | H18: 46321 | I18: 46332 | J18: =IF(G18="已完成",1,IF(G18="进行中",0.5,IF(G18="待双方确认",0.3,0))) -> 0 | K18: 20–30 张工单完成试点验证 | L18: UAT 通过 | M18: 完成每日问题跟踪 | N18: M6 试点
A19: M-015 | B19: 上线交接 | C19: 完成生产上线、操作培训与项目交接 | D19: 上线／交接 | E19: P0 | F19: 双方项目组／客户 IT | G19: 计划中 | H19: 46335 | I19: 46339 | J19: =IF(G19="已完成",1,IF(G19="进行中",0.5,IF(G19="待双方确认",0.3,0))) -> 0 | K19: 上线记录、操作材料和交接清单齐全 | L19: 试点结论及上线审批 | M19: 完成上线确认 | N19: M7 上线

Sheet 验收清单
A1: 双方阶段验收计划 | B1: 双方阶段验收计划 | C1: 双方阶段验收计划 | D1: 双方阶段验收计划 | E1: 双方阶段验收计划 | F1: 双方阶段验收计划 | G1: 双方阶段验收计划 | H1: 双方阶段验收计划
A2: 验收按“范围确认—原型评审—POC—生产实现—UAT—试点上线”分阶段推进；每个节点均保留双方可复核的结果与记录。 | B2: 验收按“范围确认—原型评审—POC—生产实现—UAT—试点上线”分阶段推进；每个节点均保留双方可复核的结果与记录。 | C2: 验收按“范围确认—原型评审—POC—生产实现—UAT—试点上线”分阶段推进；每个节点均保留双方可复核的结果与记录。 | D2: 验收按“范围确认—原型评审—POC—生产实现—UAT—试点上线”分阶段推进；每个节点均保留双方可复核的结果与记录。 | E2: 验收按“范围确认—原型评审—POC—生产实现—UAT—试点上线”分阶段推进；每个节点均保留双方可复核的结果与记录。 | F2: 验收按“范围确认—原型评审—POC—生产实现—UAT—试点上线”分阶段推进；每个节点均保留双方可复核的结果与记录。 | G2: 验收按“范围确认—原型评审—POC—生产实现—UAT—试点上线”分阶段推进；每个节点均保留双方可复核的结果与记录。 | H2: 验收按“范围确认—原型评审—POC—生产实现—UAT—试点上线”分阶段推进；每个节点均保留双方可复核的结果与记录。
A4: 验收编号 | B4: 验收项 | C4: 验收内容 | D4: 验收方式 | E4: 当前状态 | F4: 当前成果 | G4: 客户配合事项 | H4: 完成条件
A5: AT-01 | B5: 一期范围基线 | C5: 核对一期范围、角色、流程、状态与验收标准 | D5: 双方评审并形成书面纪要 | E5: 待双方确认 | F5: 范围材料与问题清单已准备 | G5: 双方业务负责人参与确认 | H5: M1 完成
A6: AT-02 | B6: 多角色原型评审 | C6: 走查 CS、Leader、师傅及管理视图主流程 | D6: 按角色执行核心操作 | E6: 进行中 | F6: PC／移动端原型已可演示 | G6: 安排业务代表参与评审 | H6: M1 完成
A7: AT-03 | B7: 公网评审版本 | C7: 确认客户可访问最新原型版本 | D7: 打开页面并完成首页走查 | E7: 已通过 | F7: 公网评审版本已发布 | G7: 无 | H7: 版本更新后持续复核
A8: AT-04 | B8: 工单受理与派单 | C8: 验证建单、编号、派单、拒单、改派与状态流转 | D8: 普通／政府场景各执行一轮 | E8: 原型已验证 | F8: 主要交互路径已具备 | G8: 确认编号、状态与派单规则 | H8: M4 完成
A9: AT-05 | B9: 移动端现场闭环 | C9: 验证接单、到场、照片／说明、处理与完工 | D9: 可拍照与不可拍照场景各一单 | E9: 原型已验证 | F9: 移动端交互流程已具备 | G9: 提供照片规则及测试手机 | H9: M2／M4 完成
A10: AT-06 | B10: 角色与数据范围 | C10: 验证角色功能、本人／团队／区域数据范围 | D10: 使用真实试点账号联合测试 | E10: 计划中 | F10: 权限矩阵已形成 | G10: 提供试点账号与组织关系 | H10: M2 完成
A11: AT-07 | B11: 钉钉／宜搭 POC | C11: 验证免登、消息、移动端、图片与容量 | D11: 在真实环境执行场景脚本 | E11: 计划中 | F11: POC 场景与资源清单已形成 | G11: 提供环境、许可与测试账号 | H11: M2 完成
A12: AT-08 | B12: 一期生产实现 | C12: 验证真实数据、权限、附件、消息及操作记录 | D12: 执行集成测试与业务走查 | E12: 计划中 | F12: 实施范围待 M1／M2 确认 | G12: 确认实施基线 | H12: M4 完成
A13: AT-09 | B13: 业务 UAT | C13: 按一期核心场景完成联合验收 | D13: 业务、IT 与测试人员共同参与 | E13: 计划中 | F13: 验收框架已形成 | G13: 安排验收人员与时间 | H13: M5 完成
A14: AT-10 | B14: 试点与上线 | C14: 完成 7–10 个工作日试点、问题闭环和上线交接 | D14: 试点团队联合确认 | E14: 计划中 | F14: 试点建议规模已明确 | G14: 确定试点团队与上线审批人 | H14: M6／M7 完成

Sheet 待确认与上线
A1: 客户协同事项与关键里程碑 | B1: 客户协同事项与关键里程碑 | C1: 客户协同事项与关键里程碑 | D1: 客户协同事项与关键里程碑 | E1: 客户协同事项与关键里程碑 | F1: 客户协同事项与关键里程碑 | G1: 客户协同事项与关键里程碑 | H1: 客户协同事项与关键里程碑
A2: 以下事项用于明确双方下一步输入、责任人和决策节点；确认后将同步更新里程碑计划及正式排期。 | B2: 以下事项用于明确双方下一步输入、责任人和决策节点；确认后将同步更新里程碑计划及正式排期。 | C2: 以下事项用于明确双方下一步输入、责任人和决策节点；确认后将同步更新里程碑计划及正式排期。 | D2: 以下事项用于明确双方下一步输入、责任人和决策节点；确认后将同步更新里程碑计划及正式排期。 | E2: 以下事项用于明确双方下一步输入、责任人和决策节点；确认后将同步更新里程碑计划及正式排期。 | F2: 以下事项用于明确双方下一步输入、责任人和决策节点；确认后将同步更新里程碑计划及正式排期。 | G2: 以下事项用于明确双方下一步输入、责任人和决策节点；确认后将同步更新里程碑计划及正式排期。 | H2: 以下事项用于明确双方下一步输入、责任人和决策节点；确认后将同步更新里程碑计划及正式排期。
A4: 编号 | B4: 类别 | C4: 协同／决策事项 | D4: 状态 | E4: 责任方 | F4: 项目作用 | G4: 所需输入／完成标准 | H4: 后续动作
A5: CO-01 | B5: 项目治理 | C5: 确认双方项目负责人、业务负责人、技术负责人及周例会时间 | D5: 待双方确认 | E5: 双方项目负责人 | F5: 用于固定决策与问题关闭节奏 | G5: 负责人姓名、投入时间和例会时间 | H5: 更新里程碑责任人
A6: CO-02 | B6: 一期范围 | C6: 确认 P0／P1／P2 及报价、采购、财务扩展模块的阶段归属 | D6: 待双方确认 | E6: 双方业务负责人 | F6: 用于固化一期交付边界 | G6: 范围决策表与书面评审意见 | H6: 完成 M1
A7: CO-03 | B7: 状态与规则 | C7: 确认状态模型、PM／CM、编号、完工确认和照片规则 | D7: 待双方确认 | E7: 客户业务负责人／交付团队 | F7: 用于统一页面、权限、统计与验收口径 | G7: 状态矩阵、业务样例和规则结论 | H7: 完成 M1
A8: CO-04 | B8: 试点组织 | C8: 确认 1 个试点区域及 CS、Leader、师傅人员名单 | D8: 待双方确认 | E8: 客户项目负责人 | F8: 用于真实账号、权限及流程验证 | G8: 姓名、账号、角色、区域和可用时间 | H8: 启动 M2
A9: CO-05 | B9: 试点数据 | C9: 提供客户、地址、区域、团队、人员及 20–30 张样例工单 | D9: 待双方确认 | E9: 客户数据／业务负责人 | F9: 用于数据导入、推荐派单及验收 | G9: 数据模板、业务主键及脱敏样例 | H9: 启动 M2／M4
A10: CO-06 | B10: 平台资源 | C10: 确认钉钉／宜搭许可、账号规模、附件容量及 POC 环境 | D10: 待双方确认 | E10: 客户 IT／采购 | F10: 用于形成可落地的平台方案 | G10: 许可、账号、存储、网络和测试环境信息 | H10: 启动 M2
A11: CO-07 | B11: 通知与附件 | C11: 确认通知渠道、照片保留周期及归档方式 | D11: 待双方确认 | E11: 客户 IT／业务负责人 | F11: 用于消息、容量和运维方案设计 | G11: 通知对象、渠道、照片量和保留要求 | H11: 完善 M2／M4
A12: CO-08 | B12: 评审与验收 | C12: 确定原型评审、UAT、试点及上线审批参与人 | D12: 待双方确认 | E12: 双方项目负责人 | F12: 用于提前锁定关键节点资源 | G12: 参与人、可用日期和审批机制 | H12: 固化总体排期
A13: G-01 | B13: 范围里程碑 | C13: 一期范围及业务规则完成双方确认 | D13: 进行中 | E13: 双方业务负责人 | F13: 达到后进入 POC 联合验证 | G13: CO-02／CO-03 完成 | H13: 进入 M2
... A18: G-06 | B18: 上线里程碑 | C18: 生产上线、操作培训、运维交接与项目确认完成 | D18: 待启动 | E18: 双方项目组／客户 IT | F18: 达到后完成本期项目交付 | G18: M-015 及交接材料完成 | H18: 项目完成
